Date,Average_Wind_Speed,Average_Temperature,Fog_Ice_Freezing_Fog,Thunder,Smoke_or_Haze
2019-01-01,7.61,31.0,1.0,,
2019-01-02,8.72,28.0,1.0,,
2019-01-03,11.63,29.0,,,
2019-01-04,8.05,37.0,,,
2019-01-05,8.28,39.0,,,
2019-01-06,11.63,38.0,,,
2019-01-07,15.66,44.0,1.0,,
2019-01-08,14.54,41.0,1.0,,
2019-01-09,13.65,23.0,,,
2019-01-10,4.47,18.0,,,
2019-01-11,4.92,23.0,,,
2019-01-12,11.41,30.0,1.0,,1.0
2019-01-13,12.53,30.0,1.0,,
2019-01-14,8.28,25.0,1.0,,1.0
2019-01-15,11.18,26.0,1.0,,
2019-01-16,9.4,31.0,,,
2019-01-17,5.59,30.0,1.0,,1.0
2019-01-18,10.51,30.0,1.0,,
2019-01-19,20.13,26.0,1.0,,
2019-01-20,13.42,12.0,,,
2019-01-21,8.5,9.0,1.0,,1.0
2019-01-22,9.4,19.0,1.0,,
2019-01-23,9.84,29.0,1.0,,
2019-01-24,11.63,17.0,1.0,,1.0
2019-01-25,9.4,1.0,1.0,,
2019-01-26,5.82,2.0,1.0,,
2019-01-27,6.93,4.0,,,
2019-01-28,12.75,18.0,1.0,,1.0
2019-01-29,14.54,6.0,1.0,,1.0
2019-01-30,15.21,-15.0,,,
2019-01-31,6.26,-15.0,1.0,,1.0
2019-02-01,5.14,7.0,1.0,,1.0
2019-02-02,11.18,26.0,1.0,,1.0
2019-02-03,10.07,42.0,1.0,,
2019-02-04,11.41,47.0,1.0,,
2019-02-05,9.4,29.0,1.0,,
2019-02-06,8.5,33.0,1.0,,
2019-02-07,12.97,36.0,1.0,1.0,
2019-02-08,17.67,11.0,,,
2019-02-09,5.82,12.0,,,
2019-02-10,6.93,23.0,1.0,,1.0
2019-02-11,12.3,28.0,1.0,,
2019-02-12,13.65,32.0,1.0,,
2019-02-13,12.75,18.0,1.0,,
2019-02-14,10.51,36.0,,,1.0
2019-02-15,12.53,23.0,,,1.0
2019-02-16,8.95,19.0,,,
2019-02-17,11.18,25.0,1.0,,1.0
2019-02-18,7.61,25.0,1.0,,
2019-02-19,4.7,22.0,,,
2019-02-20,13.87,31.0,1.0,,
2019-02-21,10.74,31.0,,,
2019-02-22,7.61,29.0,,,1.0
2019-02-23,10.29,36.0,1.0,1.0,1.0
2019-02-24,24.38,37.0,,,
2019-02-25,10.51,12.0,,,
2019-02-26,12.53,17.0,1.0,,
2019-02-27,10.07,25.0,1.0,,1.0
2019-02-28,4.47,18.0,,,
2019-03-01,5.82,27.0,,,
2019-03-02,8.5,29.0,1.0,,
2019-03-03,12.08,22.0,,,
2019-03-04,14.99,5.0,,,1.0
2019-03-05,15.43,12.0,,,1.0
2019-03-06,11.86,16.0,,,1.0
2019-03-07,6.04,23.0,,,
2019-03-08,5.37,28.0,1.0,,1.0
2019-03-09,14.09,33.0,1.0,1.0,1.0
2019-03-10,19.69,37.0,1.0,,
2019-03-11,9.62,32.0,,,
2019-03-12,9.17,35.0,,,
2019-03-13,11.86,45.0,1.0,,
2019-03-14,20.36,55.0,1.0,1.0,
2019-03-15,14.99,38.0,1.0,,
2019-03-16,8.5,34.0,,,
2019-03-17,7.61,35.0,,,
2019-03-18,7.61,35.0,,,
2019-03-19,7.83,39.0,,,
2019-03-20,8.5,42.0,1.0,,
2019-03-21,11.18,40.0,1.0,,
2019-03-22,10.96,40.0,,,
2019-03-23,4.47,36.0,,,
2019-03-24,8.72,45.0,1.0,,
2019-03-25,17.45,36.0,,,
2019-03-26,4.92,35.0,,,
2019-03-27,12.08,42.0,,1.0,
2019-03-28,12.08,53.0,,,
2019-03-29,8.5,47.0,1.0,,
2019-03-30,12.97,40.0,1.0,,
2019-03-31,11.41,31.0,,,
2019-04-01,12.75,35.0,,,
2019-04-02,14.09,45.0,,,1.0
2019-04-03,9.4,45.0,,,
2019-04-04,9.84,46.0,1.0,,
2019-04-05,3.58,44.0,1.0,,1.0
2019-04-06,4.92,52.0,1.0,,1.0
2019-04-07,8.28,56.0,1.0,1.0,
2019-04-08,8.5,61.0,,,
2019-04-09,11.86,60.0,,,
2019-04-10,17.9,40.0,1.0,,
2019-04-11,16.11,42.0,1.0,1.0,
2019-04-12,16.55,48.0,1.0,,
2019-04-13,12.3,42.0,,,
2019-04-14,18.12,37.0,1.0,,
2019-04-15,8.28,38.0,1.0,,
2019-04-16,10.29,56.0,,,
2019-04-17,12.08,55.0,1.0,,1.0
2019-04-18,12.08,58.0,1.0,,
2019-04-19,25.95,45.0,,,
2019-04-20,13.87,49.0,,,
2019-04-21,8.72,58.0,,,
2019-04-22,13.2,68.0,,1.0,
2019-04-23,8.95,59.0,1.0,,
2019-04-24,5.82,53.0,,,
2019-04-25,6.71,57.0,1.0,,1.0
2019-04-26,14.32,56.0,,,
2019-04-27,12.53,42.0,1.0,,
2019-04-28,9.62,39.0,,,
2019-04-29,8.95,45.0,1.0,,
2019-04-30,12.53,44.0,1.0,1.0,
2019-05-01,8.28,50.0,1.0,,
2019-05-02,10.29,44.0,1.0,,
2019-05-03,11.18,47.0,1.0,,
2019-05-04,5.37,49.0,,,
2019-05-05,6.49,58.0,,,
2019-05-06,10.07,59.0,,,
2019-05-07,14.54,46.0,1.0,,
2019-05-08,12.08,50.0,1.0,,
2019-05-09,11.41,61.0,1.0,,
2019-05-10,8.5,50.0,,,
2019-05-11,8.5,48.0,,,
2019-05-12,11.41,46.0,,,
2019-05-13,7.38,50.0,,,
2019-05-14,4.7,54.0,,,
2019-05-15,5.14,62.0,,,
2019-05-16,9.62,66.0,1.0,1.0,
2019-05-17,12.3,58.0,,1.0,
2019-05-18,7.61,56.0,1.0,1.0,
2019-05-19,14.54,63.0,1.0,1.0,
2019-05-20,10.51,53.0,,,
2019-05-21,14.99,49.0,1.0,1.0,
2019-05-22,14.76,61.0,1.0,1.0,
2019-05-23,11.41,70.0,1.0,1.0,
2019-05-24,7.61,62.0,1.0,1.0,
2019-05-25,11.63,74.0,,,
2019-05-26,5.82,70.0,,,
2019-05-27,7.61,61.0,1.0,1.0,
2019-05-28,9.4,65.0,1.0,1.0,
2019-05-29,6.49,60.0,1.0,,
2019-05-30,6.71,66.0,1.0,1.0,
2019-05-31,9.4,71.0,,,
2019-06-01,8.95,71.0,,1.0,
2019-06-02,8.72,60.0,,,
2019-06-03,8.05,58.0,,,
2019-06-04,10.51,64.0,1.0,1.0,
2019-06-05,9.4,74.0,1.0,1.0,
2019-06-06,6.93,65.0,1.0,,1.0
2019-06-07,8.95,66.0,,,
2019-06-08,9.17,67.0,,,
2019-06-09,5.82,69.0,1.0,,
2019-06-10,13.65,67.0,1.0,,
2019-06-11,8.28,69.0,,,
2019-06-12,10.07,67.0,1.0,,
2019-06-13,14.09,58.0,,,
2019-06-14,14.54,65.0,1.0,,
2019-06-15,8.28,67.0,1.0,,
2019-06-16,9.62,57.0,1.0,,
2019-06-17,7.61,59.0,1.0,,
2019-06-18,4.25,64.0,1.0,,1.0
2019-06-19,9.4,67.0,1.0,,1.0
2019-06-20,9.84,60.0,1.0,,
2019-06-21,7.16,63.0,,,
2019-06-22,10.29,67.0,,,
2019-06-23,10.29,73.0,1.0,1.0,
2019-06-24,9.62,71.0,1.0,1.0,
2019-06-25,11.18,72.0,,1.0,
2019-06-26,5.82,78.0,,1.0,
2019-06-27,7.61,77.0,,1.0,
2019-06-28,7.61,76.0,,1.0,
2019-06-29,5.14,78.0,,,
2019-06-30,5.82,78.0,1.0,1.0,
2019-07-01,6.26,77.0,,,
2019-07-02,9.84,84.0,,1.0,
2019-07-03,6.71,78.0,1.0,1.0,
2019-07-04,8.28,78.0,1.0,,1.0
2019-07-05,6.04,81.0,,1.0,
2019-07-06,12.53,78.0,1.0,,
2019-07-07,13.87,70.0,,,
2019-07-08,6.71,71.0,,,
2019-07-09,7.16,74.0,,,
2019-07-10,10.51,83.0,,,
2019-07-11,8.05,78.0,,,
2019-07-12,6.04,72.0,,,
2019-07-13,9.62,82.0,,,
2019-07-14,6.49,79.0,,1.0,
2019-07-15,11.63,81.0,,,
2019-07-16,6.49,77.0,1.0,,
2019-07-17,5.37,80.0,1.0,1.0,1.0
2019-07-18,10.96,77.0,1.0,1.0,
2019-07-19,11.86,85.0,,,
2019-07-20,11.63,85.0,1.0,1.0,
2019-07-21,12.3,74.0,1.0,1.0,1.0
2019-07-22,12.75,70.0,,,
2019-07-23,7.61,70.0,,,
2019-07-24,5.14,71.0,,,
2019-07-25,4.92,73.0,,,
2019-07-26,9.4,76.0,,,
2019-07-27,13.65,80.0,,,
2019-07-28,11.41,81.0,,,
2019-07-29,8.05,77.0,1.0,1.0,
2019-07-30,7.83,73.0,,,
2019-07-31,8.95,69.0,,,
2019-08-01,6.93,69.0,,,
2019-08-02,5.37,72.0,,,
2019-08-03,3.8,75.0,,,1.0
2019-08-04,4.7,79.0,,,
2019-08-05,8.28,79.0,,,
2019-08-06,6.71,76.0,,,
2019-08-07,7.83,77.0,,,
2019-08-08,10.07,79.0,,1.0,
2019-08-09,5.82,73.0,,,
2019-08-10,5.37,74.0,,,
2019-08-11,7.38,74.0,,,
2019-08-12,4.92,76.0,1.0,,
2019-08-13,6.71,75.0,1.0,1.0,
2019-08-14,7.16,72.0,,,
2019-08-15,7.83,70.0,,,
2019-08-16,7.61,72.0,,,
2019-08-17,4.92,73.0,1.0,1.0,1.0
2019-08-18,7.83,74.0,1.0,1.0,
2019-08-19,4.7,76.0,,,
2019-08-20,3.8,74.0,1.0,1.0,
2019-08-21,6.26,73.0,,1.0,
2019-08-22,10.51,71.0,,,
2019-08-23,10.29,68.0,,,
2019-08-24,8.05,67.0,,,
2019-08-25,10.29,69.0,,,
2019-08-26,9.62,70.0,1.0,1.0,
2019-08-27,9.84,72.0,,,
2019-08-28,11.63,68.0,,,
2019-08-29,12.75,70.0,,,
2019-08-30,5.82,70.0,,,
2019-08-31,9.4,67.0,1.0,,
2019-09-01,4.47,67.0,1.0,,
2019-09-02,6.49,70.0,1.0,,
2019-09-03,12.3,72.0,1.0,1.0,
2019-09-04,8.95,68.0,,,
2019-09-05,4.92,64.0,,,
2019-09-06,11.18,67.0,,,
2019-09-07,8.28,66.0,,,
2019-09-08,8.28,65.0,,,
2019-09-09,7.61,67.0,,,
2019-09-10,9.4,78.0,,,
2019-09-11,9.17,80.0,1.0,1.0,
2019-09-12,8.05,72.0,1.0,1.0,
2019-09-13,11.86,73.0,1.0,1.0,
2019-09-14,7.61,67.0,,1.0,
2019-09-15,8.05,71.0,1.0,1.0,
2019-09-16,7.83,71.0,1.0,,1.0
2019-09-17,6.04,69.0,1.0,,
2019-09-18,7.38,71.0,,,
2019-09-19,5.59,72.0,,,
2019-09-20,3.8,74.0,,,
2019-09-21,12.08,75.0,1.0,,
2019-09-22,10.07,72.0,1.0,,
2019-09-23,8.95,67.0,,,
2019-09-24,12.08,67.0,,,
2019-09-25,12.75,70.0,,,
2019-09-26,8.95,65.0,,,
2019-09-27,10.51,63.0,1.0,1.0,
2019-09-28,13.65,61.0,1.0,1.0,
2019-09-29,7.61,61.0,1.0,,
2019-09-30,8.72,71.0,1.0,,
2019-10-01,10.07,79.0,,,
2019-10-02,10.51,66.0,1.0,1.0,
2019-10-03,10.29,61.0,1.0,1.0,
2019-10-04,10.96,52.0,,,
2019-10-05,9.4,55.0,1.0,,
2019-10-06,9.62,59.0,,,
2019-10-07,7.38,59.0,,,
2019-10-08,4.25,57.0,,,1.0
2019-10-09,7.83,60.0,,,
2019-10-10,8.72,62.0,1.0,,
2019-10-11,12.3,60.0,1.0,1.0,
2019-10-12,13.87,43.0,,,1.0
2019-10-13,10.51,45.0,,,
2019-10-14,6.93,45.0,,,
2019-10-15,10.51,50.0,1.0,,
2019-10-16,14.09,49.0,,,
2019-10-17,5.59,46.0,,,
2019-10-18,6.93,47.0,,,
2019-10-19,7.83,53.0,,,
2019-10-20,7.38,56.0,1.0,,
2019-10-21,15.66,56.0,1.0,,
2019-10-22,17.22,50.0,,,
2019-10-23,8.72,47.0,,,
2019-10-24,6.26,47.0,,,
2019-10-25,3.8,44.0,,,
2019-10-26,12.53,42.0,1.0,,1.0
2019-10-27,9.62,49.0,1.0,,
2019-10-28,3.8,47.0,1.0,,
2019-10-29,8.28,40.0,1.0,,
2019-10-30,12.3,36.0,1.0,,
2019-10-31,14.99,33.0,1.0,,
2019-11-01,9.62,31.0,1.0,,
2019-11-02,10.51,38.0,1.0,,
2019-11-03,7.83,39.0,,,
2019-11-04,10.74,48.0,,,
2019-11-05,7.61,38.0,,,
2019-11-06,11.41,39.0,1.0,,
2019-11-07,11.18,28.0,1.0,,
2019-11-08,7.16,23.0,,,1.0
2019-11-09,10.29,34.0,,,
2019-11-10,8.5,41.0,1.0,,
2019-11-11,16.78,28.0,1.0,,
2019-11-12,9.4,13.0,,,
2019-11-13,11.63,16.0,,,
2019-11-14,7.16,27.0,1.0,,
2019-11-15,6.04,27.0,,,
2019-11-16,5.37,33.0,1.0,,1.0
2019-11-17,6.49,33.0,1.0,,
2019-11-18,5.14,37.0,1.0,,
2019-11-19,2.91,37.0,1.0,,1.0
2019-11-20,6.49,41.0,1.0,,1.0
2019-11-21,14.76,47.0,1.0,,
2019-11-22,6.71,36.0,,,
2019-11-23,6.26,31.0,,,
2019-11-24,9.4,38.0,,,
2019-11-25,7.16,44.0,,,
2019-11-26,7.61,41.0,1.0,1.0,
2019-11-27,21.03,44.0,1.0,,
2019-11-28,8.28,34.0,1.0,,
2019-11-29,6.49,36.0,1.0,,
2019-11-30,13.2,37.0,1.0,1.0,
2019-12-01,10.07,39.0,1.0,,
2019-12-02,10.29,32.0,,,
2019-12-03,11.86,32.0,,,
2019-12-04,12.08,37.0,,,
2019-12-05,6.71,36.0,,,
2019-12-06,9.84,38.0,,,
2019-12-07,8.28,31.0,,,
2019-12-08,10.29,38.0,1.0,,1.0
2019-12-09,12.97,46.0,1.0,,
2019-12-10,11.86,22.0,,,
2019-12-11,7.38,18.0,1.0,,
2019-12-12,12.3,28.0,,,
2019-12-13,4.92,40.0,,,
2019-12-14,9.4,33.0,1.0,,
2019-12-15,6.04,24.0,1.0,,
2019-12-16,6.71,26.0,1.0,,
2019-12-17,10.74,25.0,,,1.0
2019-12-18,8.72,20.0,,,
2019-12-19,8.5,23.0,1.0,,
2019-12-20,5.59,30.0,1.0,,1.0
2019-12-21,7.61,38.0,,,
2019-12-22,10.07,40.0,,,
2019-12-23,7.61,42.0,1.0,,
2019-12-24,8.05,40.0,1.0,,1.0
2019-12-25,8.72,47.0,,,
2019-12-26,11.18,56.0,,,
2019-12-27,7.16,37.0,1.0,,
2019-12-28,6.93,34.0,1.0,1.0,1.0
2019-12-29,10.96,52.0,1.0,,
2019-12-30,17.67,38.0,1.0,,
2019-12-31,14.54,26.0,1.0,,
2020-01-01,11.86,28.0,,,
2020-01-02,11.63,42.0,,,
2020-01-03,6.04,38.0,,,
2020-01-04,9.17,32.0,1.0,,1.0
2020-01-05,13.87,31.0,,,
2020-01-06,9.62,34.0,,,
2020-01-07,10.74,34.0,,,
2020-01-08,11.18,24.0,,,
2020-01-09,16.11,32.0,,,
2020-01-10,11.41,46.0,1.0,,
2020-01-11,25.05,34.0,1.0,,
2020-01-12,6.49,26.0,1.0,,1.0
2020-01-13,8.28,31.0,1.0,,
2020-01-14,8.5,35.0,1.0,,
2020-01-15,8.05,32.0,1.0,,
2020-01-16,11.63,25.0,,,
2020-01-17,10.51,19.0,1.0,,
2020-01-18,15.88,29.0,1.0,,1.0
2020-01-19,12.97,9.0,,,
2020-01-20,6.71,21.0,,,
2020-01-21,7.61,21.0,,,
2020-01-22,12.3,27.0,,,
2020-01-23,7.61,32.0,1.0,,
2020-01-24,4.7,35.0,1.0,,
2020-01-25,8.28,33.0,1.0,,
2020-01-26,9.4,32.0,1.0,,
2020-01-27,5.82,30.0,1.0,,
2020-01-28,5.82,32.0,1.0,,
2020-01-29,4.7,32.0,,,1.0
2020-01-30,3.58,33.0,,,1.0
2020-01-31,5.37,34.0,1.0,,1.0
2020-02-01,11.41,36.0,1.0,,1.0
2020-02-02,14.32,41.0,,,
2020-02-03,9.62,39.0,,,
2020-02-04,21.7,36.0,,,
2020-02-05,12.75,30.0,1.0,,
2020-02-06,12.97,29.0,1.0,,
2020-02-07,7.83,30.0,,,
2020-02-08,6.26,32.0,,,
2020-02-09,10.07,31.0,1.0,,
2020-02-10,5.82,32.0,,,1.0
2020-02-11,9.62,31.0,1.0,,1.0
2020-02-12,5.37,30.0,1.0,,
2020-02-13,12.3,24.0,1.0,,
2020-02-14,7.83,6.0,,,
2020-02-15,12.75,18.0,,,
2020-02-16,3.58,30.0,1.0,,
2020-02-17,9.17,35.0,1.0,1.0,1.0
2020-02-18,13.65,37.0,1.0,,
2020-02-19,8.72,25.0,,,
2020-02-20,8.95,19.0,,,
2020-02-21,12.75,21.0,,,
2020-02-22,13.65,36.0,,,
2020-02-23,10.51,43.0,,,
2020-02-24,12.3,41.0,,,
2020-02-25,23.26,38.0,1.0,,
2020-02-26,16.11,31.0,1.0,,1.0
2020-02-27,9.84,27.0,,,
2020-02-28,9.17,24.0,,,
2020-02-29,8.95,26.0,,,
2020-03-01,12.97,41.0,,,
2020-03-02,5.82,46.0,,,
2020-03-03,11.41,38.0,,,
2020-03-04,7.83,42.0,,,
2020-03-05,14.32,42.0,,,
2020-03-06,14.32,37.0,,,
2020-03-07,10.74,35.0,,,
2020-03-08,16.55,51.0,,,
2020-03-09,15.66,55.0,1.0,,
2020-03-10,8.28,46.0,1.0,,
2020-03-11,5.82,39.0,1.0,,1.0
2020-03-12,10.74,44.0,1.0,,1.0
2020-03-13,14.09,44.0,,,
2020-03-14,12.3,39.0,1.0,,
2020-03-15,10.07,36.0,,,
2020-03-16,5.14,35.0,1.0,,1.0
2020-03-17,7.83,41.0,1.0,,1.0
2020-03-18,6.93,42.0,1.0,,
2020-03-19,9.62,45.0,1.0,,1.0
2020-03-20,15.43,48.0,1.0,,
2020-03-21,10.29,31.0,,,
2020-03-22,6.93,31.0,1.0,,
2020-03-23,4.7,36.0,1.0,,1.0
2020-03-24,6.49,40.0,1.0,,1.0
2020-03-25,7.38,43.0,1.0,,1.0
2020-03-26,10.74,48.0,1.0,,
2020-03-27,10.29,42.0,1.0,1.0,1.0
2020-03-28,9.17,49.0,1.0,1.0,
2020-03-29,20.8,51.0,,,
2020-03-30,10.51,45.0,,,
2020-03-31,12.53,40.0,1.0,,
2020-04-01,6.93,43.0,,,
2020-04-02,4.92,46.0,,,
2020-04-03,6.49,55.0,,,
2020-04-04,7.61,48.0,,,
2020-04-05,8.5,42.0,,,
2020-04-06,5.82,47.0,,,
2020-04-07,7.83,63.0,1.0,1.0,
2020-04-08,8.05,61.0,1.0,1.0,1.0
2020-04-09,17.9,46.0,,,
2020-04-10,9.62,40.0,,,
2020-04-11,7.61,50.0,,,
2020-04-12,9.62,56.0,1.0,,
2020-04-13,17.0,45.0,1.0,,
2020-04-14,12.3,35.0,,,
2020-04-15,8.28,33.0,1.0,,
2020-04-16,9.17,37.0,,,
2020-04-17,7.83,38.0,1.0,,1.0
2020-04-18,16.33,44.0,,,
2020-04-19,11.18,53.0,,,
2020-04-20,12.53,48.0,,,
2020-04-21,14.54,47.0,,,
2020-04-22,6.93,46.0,,,
2020-04-23,7.61,50.0,,,1.0
2020-04-24,9.84,45.0,1.0,,1.0
2020-04-25,12.75,44.0,1.0,,
2020-04-26,11.41,49.0,,,
2020-04-27,9.17,53.0,1.0,,
2020-04-28,7.38,61.0,1.0,1.0,
2020-04-29,10.74,56.0,1.0,,
2020-04-30,13.65,47.0,1.0,,
2020-05-01,5.82,52.0,,,
2020-05-02,10.51,65.0,,,
2020-05-03,12.3,67.0,,,
2020-05-04,16.11,48.0,,,
2020-05-05,9.84,45.0,,,
2020-05-06,8.05,49.0,,,
2020-05-07,10.51,56.0,,,
2020-05-08,14.54,44.0,,,
2020-05-09,10.74,42.0,,,
2020-05-10,10.74,50.0,1.0,,
2020-05-11,7.38,43.0,,,
2020-05-12,10.07,50.0,,,
2020-05-13,11.41,53.0,,,
2020-05-14,7.83,61.0,1.0,1.0,
2020-05-15,7.83,68.0,1.0,1.0,
2020-05-16,11.63,60.0,1.0,,
2020-05-17,8.5,59.0,1.0,1.0,
2020-05-18,10.07,61.0,1.0,,1.0
2020-05-19,13.65,54.0,1.0,,
2020-05-20,11.41,59.0,,,
2020-05-21,6.71,62.0,,,
2020-05-22,4.25,63.0,1.0,,1.0
2020-05-23,8.72,66.0,1.0,1.0,
2020-05-24,6.04,74.0,,,
2020-05-25,8.95,78.0,1.0,,1.0
2020-05-26,8.5,79.0,,1.0,
2020-05-27,6.71,80.0,,1.0,1.0
2020-05-28,10.07,75.0,1.0,,1.0
2020-05-29,11.18,67.0,,,
2020-05-30,8.28,63.0,,,
2020-05-31,8.5,59.0,,,
2020-06-01,12.75,63.0,,,
2020-06-02,16.11,77.0,,,
2020-06-03,8.05,79.0,1.0,,
2020-06-04,7.38,78.0,,1.0,
2020-06-05,6.93,79.0,,,
2020-06-06,10.96,74.0,,,
2020-06-07,8.5,66.0,,,
2020-06-08,8.28,75.0,,,
2020-06-09,15.21,79.0,1.0,,
2020-06-10,12.97,76.0,1.0,1.0,
2020-06-11,10.96,68.0,,,
2020-06-12,8.28,70.0,,1.0,
2020-06-13,15.21,58.0,,,
2020-06-14,10.07,60.0,,,
2020-06-15,6.71,63.0,,,
2020-06-16,6.49,69.0,,,
2020-06-17,6.04,76.0,,,
2020-06-18,5.14,78.0,,,
2020-06-19,4.92,81.0,,,
2020-06-20,9.62,82.0,1.0,1.0,
2020-06-21,6.71,76.0,,,
2020-06-22,6.93,77.0,1.0,1.0,
2020-06-23,11.41,70.0,,,
2020-06-24,6.93,70.0,,1.0,
2020-06-25,6.49,74.0,,,
2020-06-26,7.61,75.0,1.0,1.0,
2020-06-27,7.38,78.0,,,
2020-06-28,6.26,78.0,,,
2020-06-29,7.61,81.0,1.0,1.0,
2020-06-30,6.49,79.0,,1.0,
2020-07-01,9.17,81.0,,,
2020-07-02,6.49,80.0,,,
2020-07-03,4.03,81.0,,,
2020-07-04,7.38,81.0,,,1.0
2020-07-05,4.92,82.0,,,
2020-07-06,4.25,85.0,,,1.0
2020-07-07,7.16,87.0,,1.0,
2020-07-08,4.47,81.0,,,
2020-07-09,8.95,84.0,1.0,1.0,
2020-07-10,10.96,79.0,1.0,,
2020-07-11,8.05,78.0,,,
2020-07-12,10.29,76.0,,,
2020-07-13,5.14,74.0,,,
2020-07-14,7.83,76.0,,,
2020-07-15,9.84,80.0,1.0,,
2020-07-16,7.61,73.0,,,
2020-07-17,7.16,78.0,,,
2020-07-18,12.53,83.0,,,
2020-07-19,12.3,81.0,1.0,1.0,1.0
2020-07-20,7.61,78.0,,,
2020-07-21,6.71,77.0,,,
2020-07-22,8.72,78.0,,,
2020-07-23,7.38,74.0,,,
2020-07-24,5.82,75.0,,,
2020-07-25,6.26,80.0,,,
2020-07-26,12.3,86.0,1.0,,
2020-07-27,7.83,81.0,,,
2020-07-28,9.4,78.0,,,
2020-07-29,8.95,81.0,1.0,1.0,
2020-07-30,12.97,77.0,,1.0,
2020-07-31,9.62,74.0,,,
2020-08-01,7.61,74.0,,,
2020-08-02,7.83,75.0,,1.0,
2020-08-03,11.18,68.0,,,
2020-08-04,8.5,66.0,,,1.0
2020-08-05,5.37,67.0,,,1.0
2020-08-06,5.82,73.0,,,
2020-08-07,4.92,74.0,,,1.0
2020-08-08,9.62,78.0,,,
2020-08-09,9.62,82.0,,1.0,
2020-08-10,9.84,79.0,1.0,1.0,
2020-08-11,6.04,75.0,,,
2020-08-12,5.37,76.0,,,
2020-08-13,5.59,78.0,,,
2020-08-14,7.16,79.0,,,
2020-08-15,6.26,79.0,,1.0,1.0
2020-08-16,7.16,75.0,,,
2020-08-17,5.37,77.0,,,
2020-08-18,9.62,75.0,,,
2020-08-19,4.92,72.0,,,
2020-08-20,6.26,74.0,,,
2020-08-21,5.37,77.0,,,
2020-08-22,7.83,78.0,,,
2020-08-23,6.71,80.0,,1.0,
2020-08-24,7.38,83.0,1.0,,
2020-08-25,7.38,83.0,,1.0,
2020-08-26,10.07,84.0,,,
2020-08-27,10.29,85.0,,,
2020-08-28,12.08,85.0,,,
2020-08-29,12.08,80.0,,,
2020-08-30,7.61,72.0,,,
2020-08-31,9.17,74.0,,,
2020-09-01,7.61,73.0,1.0,1.0,
2020-09-02,8.5,75.0,1.0,,
2020-09-03,14.32,77.0,,,
2020-09-04,8.72,69.0,,,
2020-09-05,10.74,73.0,,,1.0
2020-09-06,13.42,69.0,1.0,1.0,
2020-09-07,12.3,76.0,1.0,1.0,
2020-09-08,14.76,63.0,1.0,1.0,1.0
2020-09-09,12.3,62.0,1.0,1.0,
2020-09-10,12.3,60.0,1.0,,
2020-09-11,8.95,62.0,1.0,,1.0
2020-09-12,9.17,67.0,1.0,,1.0
2020-09-13,6.26,68.0,1.0,,
2020-09-14,3.8,66.0,,,
2020-09-15,8.05,68.0,,,1.0
2020-09-16,10.51,71.0,1.0,,1.0
2020-09-17,12.97,68.0,,,
2020-09-18,12.53,59.0,,,
2020-09-19,4.25,54.0,,,1.0
2020-09-20,5.82,60.0,,,
2020-09-21,6.26,64.0,,,1.0
2020-09-22,4.92,66.0,,,1.0
2020-09-23,6.26,69.0,,,
2020-09-24,6.49,68.0,,,1.0
2020-09-25,8.95,71.0,,,1.0
2020-09-26,14.54,70.0,,,
2020-09-27,11.41,72.0,1.0,,
2020-09-28,7.83,57.0,,,
2020-09-29,8.28,53.0,,,
2020-09-30,12.97,58.0,,,
2020-10-01,8.5,53.0,1.0,,
2020-10-02,6.93,49.0,,,
2020-10-03,4.92,50.0,,,
2020-10-04,8.5,49.0,,,
2020-10-05,10.51,49.0,,,
2020-10-06,11.41,60.0,,,
2020-10-07,9.4,67.0,,,
2020-10-08,5.14,59.0,,,
2020-10-09,11.86,63.0,,,
2020-10-10,13.42,70.0,,,
2020-10-11,8.72,61.0,,,
2020-10-12,11.41,62.0,1.0,1.0,
2020-10-13,11.86,57.0,,,
2020-10-14,13.42,60.0,,,
2020-10-15,11.41,58.0,,,
2020-10-16,9.4,45.0,,,1.0
2020-10-17,14.32,49.0,,,
2020-10-18,8.05,53.0,1.0,,
2020-10-19,8.5,42.0,1.0,,
2020-10-20,8.05,43.0,1.0,1.0,1.0
2020-10-21,8.05,51.0,1.0,1.0,
2020-10-22,10.29,55.0,1.0,1.0,1.0
2020-10-23,12.08,61.0,1.0,1.0,
2020-10-24,7.83,41.0,,,
2020-10-25,12.53,42.0,,,
2020-10-26,9.4,38.0,1.0,,
2020-10-27,4.47,36.0,1.0,,
2020-10-28,7.38,39.0,,,
2020-10-29,16.11,45.0,,,
2020-10-30,6.04,37.0,,,
2020-10-31,13.87,41.0,,,
2020-11-01,16.11,45.0,,,
2020-11-02,10.74,37.0,,,
2020-11-03,9.84,50.0,,,
2020-11-04,13.65,61.0,,,1.0
2020-11-05,9.84,63.0,,,1.0
2020-11-06,8.95,61.0,,,
2020-11-07,9.84,63.0,,,
2020-11-08,8.5,63.0,,,
2020-11-09,12.08,69.0,,,
2020-11-10,19.01,71.0,1.0,1.0,
2020-11-11,8.72,43.0,,,
2020-11-12,6.04,43.0,,,
2020-11-13,8.05,41.0,,,
2020-11-14,12.3,35.0,1.0,1.0,
2020-11-15,19.91,46.0,1.0,,1.0
2020-11-16,11.63,38.0,,,
2020-11-17,9.4,38.0,,,
2020-11-18,14.54,41.0,,,
2020-11-19,19.91,53.0,,,
2020-11-20,10.51,57.0,,,
2020-11-21,6.49,43.0,,,
2020-11-22,6.71,43.0,,,
2020-11-23,5.82,41.0,,,
2020-11-24,9.4,37.0,1.0,,
2020-11-25,8.05,45.0,1.0,,
2020-11-26,9.4,44.0,1.0,,
2020-11-27,7.38,42.0,1.0,,1.0
2020-11-28,10.96,37.0,,,
2020-11-29,11.63,43.0,,,
2020-11-30,17.0,35.0,,,
2020-12-01,8.28,29.0,,,
2020-12-02,6.71,33.0,,,
2020-12-03,10.96,36.0,,,
2020-12-04,10.29,38.0,,,
2020-12-05,4.92,34.0,,,
2020-12-06,4.7,35.0,1.0,,1.0
2020-12-07,4.03,36.0,,,
2020-12-08,10.07,35.0,1.0,,1.0
2020-12-09,5.59,39.0,1.0,,1.0
2020-12-10,4.47,42.0,,,1.0
2020-12-11,14.76,43.0,1.0,,1.0
2020-12-12,15.21,40.0,1.0,,
2020-12-13,6.71,31.0,,,
2020-12-14,9.62,30.0,,,
2020-12-15,8.95,25.0,,,
2020-12-16,9.4,31.0,,,
2020-12-17,5.14,33.0,,,
2020-12-18,10.07,30.0,,,1.0
2020-12-19,9.62,38.0,1.0,,1.0
2020-12-20,9.17,36.0,1.0,,1.0
2020-12-21,12.97,37.0,,,
2020-12-22,10.29,37.0,,,
2020-12-23,20.8,47.0,1.0,,
2020-12-24,14.76,22.0,,,1.0
2020-12-25,12.53,13.0,,,
2020-12-26,5.82,23.0,,,
2020-12-27,8.72,32.0,,,
2020-12-28,10.51,33.0,,,1.0
2020-12-29,8.28,24.0,1.0,,
2020-12-30,14.09,32.0,1.0,,
2020-12-31,4.03,26.0,1.0,,1.0
2021-01-01,11.86,27.0,1.0,,1.0
2021-01-02,6.26,32.0,1.0,,1.0
2021-01-03,6.93,32.0,1.0,,
2021-01-04,7.83,27.0,1.0,,
2021-01-05,5.59,31.0,1.0,,1.0
2021-01-06,4.7,33.0,1.0,,1.0
2021-01-07,9.17,35.0,1.0,,
2021-01-08,11.86,34.0,1.0,,
2021-01-09,7.38,31.0,,,
2021-01-10,5.82,29.0,,,
2021-01-11,13.2,25.0,1.0,,1.0
2021-01-12,10.74,31.0,,,
2021-01-13,8.5,35.0,,,
2021-01-14,9.17,36.0,1.0,,
2021-01-15,6.04,35.0,1.0,,
2021-01-16,8.5,33.0,1.0,,
2021-01-17,6.71,32.0,1.0,,
2021-01-18,9.17,28.0,1.0,,
2021-01-19,10.07,24.0,1.0,,1.0
2021-01-20,12.97,23.0,,,
2021-01-21,14.32,34.0,,,
2021-01-22,10.29,23.0,,,
2021-01-23,5.59,17.0,,,
2021-01-24,6.93,30.0,1.0,,
2021-01-25,14.32,31.0,1.0,,
2021-01-26,17.67,31.0,1.0,,
2021-01-27,11.18,24.0,,,1.0
2021-01-28,5.14,17.0,,,
2021-01-29,6.04,22.0,,,
2021-01-30,16.55,31.0,1.0,,
2021-01-31,16.78,31.0,1.0,,
2021-02-01,11.18,29.0,,,
2021-02-02,9.17,26.0,,,
2021-02-03,5.14,26.0,1.0,,1.0
2021-02-04,15.21,32.0,1.0,,
2021-02-05,18.12,17.0,,,
2021-02-06,9.17,9.0,,,1.0
2021-02-07,8.28,1.0,,,
2021-02-08,4.03,5.0,,,
2021-02-09,8.28,8.0,,,
2021-02-10,8.28,10.0,,,
2021-02-11,11.41,12.0,,,
2021-02-12,9.62,14.0,,,
2021-02-13,10.96,8.0,1.0,,1.0
2021-02-14,10.74,0.0,1.0,,
2021-02-15,16.11,4.0,,,1.0
2021-02-16,10.29,12.0,1.0,,1.0
2021-02-17,4.92,15.0,,,
2021-02-18,5.59,21.0,1.0,,
2021-02-19,8.72,16.0,,,1.0
2021-02-20,5.14,17.0,1.0,,1.0
2021-02-21,10.96,26.0,1.0,,
2021-02-22,14.99,33.0,1.0,,1.0
2021-02-23,10.07,40.0,,,
2021-02-24,10.96,42.0,,,
2021-02-25,7.16,34.0,,,
2021-02-26,8.28,34.0,,,1.0
2021-02-27,7.16,40.0,1.0,,1.0
2021-02-28,11.63,43.0,1.0,,1.0
2021-03-01,8.5,33.0,,,
2021-03-02,10.74,30.0,,,
2021-03-03,8.28,44.0,,,
2021-03-04,13.42,36.0,,,
2021-03-05,5.82,34.0,,,
2021-03-06,3.36,36.0,,,
2021-03-07,7.16,36.0,,,
2021-03-08,10.74,51.0,,,
2021-03-09,10.07,53.0,,,
2021-03-10,19.01,61.0,,,
2021-03-11,13.87,55.0,,,
2021-03-12,8.28,45.0,,,
2021-03-13,5.37,43.0,,,
2021-03-14,16.78,45.0,,,
2021-03-15,16.11,35.0,1.0,,
2021-03-16,6.49,35.0,1.0,,
2021-03-17,13.2,36.0,1.0,,1.0
2021-03-18,27.96,39.0,1.0,,
2021-03-19,10.29,39.0,,,
2021-03-20,6.26,41.0,,,
2021-03-21,9.84,50.0,,,
2021-03-22,9.84,56.0,,,
2021-03-23,10.51,57.0,1.0,,
2021-03-24,14.99,55.0,1.0,,
2021-03-25,11.63,47.0,1.0,,
2021-03-26,6.49,39.0,,,
2021-03-27,9.62,47.0,1.0,,1.0
2021-03-28,15.66,48.0,,,
2021-03-29,14.99,44.0,,,
2021-03-30,17.0,57.0,,,1.0
2021-03-31,14.09,42.0,,,
2021-04-01,11.63,33.0,,,
2021-04-02,8.72,36.0,,,
2021-04-03,12.97,51.0,,,
2021-04-04,5.82,60.0,,,1.0
2021-04-05,11.63,67.0,,1.0,
2021-04-06,10.74,70.0,,,
2021-04-07,10.51,70.0,,,
2021-04-08,9.17,63.0,1.0,,1.0
2021-04-09,10.51,54.0,1.0,,
2021-04-10,8.05,53.0,1.0,,
2021-04-11,5.14,50.0,1.0,,
2021-04-12,11.41,54.0,1.0,,
2021-04-13,11.41,49.0,,,
2021-04-14,10.29,44.0,,,
2021-04-15,8.95,45.0,,,
2021-04-16,6.49,47.0,,,
2021-04-17,7.16,44.0,,,
2021-04-18,5.82,49.0,,,
2021-04-19,11.86,51.0,,,
2021-04-20,6.26,40.0,1.0,,1.0
2021-04-21,8.95,39.0,1.0,,1.0
2021-04-22,9.17,42.0,,,1.0
2021-04-23,10.51,53.0,,,
2021-04-24,4.92,55.0,,,
2021-04-25,10.96,46.0,,,
2021-04-26,15.21,53.0,,,
2021-04-27,14.32,73.0,,,
2021-04-28,9.17,52.0,1.0,,1.0
2021-04-29,9.62,53.0,1.0,,
2021-04-30,11.86,53.0,,,
2021-05-01,17.22,56.0,,,
2021-05-02,16.11,74.0,,,
2021-05-03,8.72,65.0,1.0,,
2021-05-04,8.5,57.0,,,
2021-05-05,9.17,51.0,,,
2021-05-06,7.61,49.0,,,
2021-05-07,9.84,50.0,,,
2021-05-08,6.71,45.0,,,
2021-05-09,12.3,46.0,1.0,,
2021-05-10,9.17,46.0,,,
2021-05-11,6.93,46.0,,,
2021-05-12,5.82,50.0,,,
2021-05-13,4.92,55.0,,,
2021-05-14,6.71,60.0,,,
2021-05-15,7.16,59.0,,,
2021-05-16,3.8,62.0,,,
2021-05-17,7.61,63.0,,,
2021-05-18,9.84,65.0,,,
2021-05-19,10.96,69.0,1.0,,1.0
2021-05-20,10.74,74.0,,,
2021-05-21,8.5,77.0,,,
2021-05-22,7.61,78.0,,,
2021-05-23,7.61,75.0,1.0,,1.0
2021-05-24,7.38,69.0,1.0,,
2021-05-25,13.42,79.0,1.0,,
2021-05-26,11.63,73.0,1.0,1.0,
2021-05-27,17.67,57.0,,,
2021-05-28,19.46,48.0,1.0,1.0,
2021-05-29,12.53,51.0,,,
2021-05-30,4.92,56.0,,,
2021-05-31,7.16,63.0,,,
2021-06-01,4.25,63.0,1.0,,
2021-06-02,5.82,67.0,,,
2021-06-03,5.37,71.0,,,
2021-06-04,10.96,80.0,,,
2021-06-05,12.3,81.0,,,
2021-06-06,11.41,81.0,,,
2021-06-07,6.71,78.0,,,
2021-06-08,4.25,78.0,,,
2021-06-09,5.82,80.0,,,
2021-06-10,5.82,77.0,,,
2021-06-11,4.25,81.0,,1.0,
2021-06-12,5.14,80.0,1.0,1.0,1.0
2021-06-13,7.16,78.0,,,
2021-06-14,11.63,75.0,,,
2021-06-15,9.62,71.0,,,
2021-06-16,6.93,67.0,,,
2021-06-17,8.05,71.0,,1.0,
2021-06-18,8.5,81.0,1.0,1.0,
2021-06-19,10.74,80.0,,,
2021-06-20,6.26,72.0,1.0,1.0,
2021-06-21,12.3,70.0,,,
2021-06-22,7.61,63.0,,,
2021-06-23,14.32,69.0,,,
2021-06-24,10.07,72.0,1.0,1.0,
2021-06-25,9.17,72.0,1.0,1.0,
2021-06-26,10.29,75.0,1.0,1.0,
2021-06-27,11.86,76.0,,,
2021-06-28,5.82,72.0,1.0,1.0,
2021-06-29,7.38,76.0,1.0,1.0,
2021-06-30,5.82,77.0,1.0,1.0,
2021-07-01,13.42,71.0,,1.0,
2021-07-02,6.71,65.0,,,
2021-07-03,8.95,70.0,,,
2021-07-04,7.16,79.0,,,1.0
2021-07-05,12.3,82.0,,,
2021-07-06,10.07,83.0,,,
2021-07-07,8.72,80.0,,,
2021-07-08,7.83,67.0,,,
2021-07-09,7.61,66.0,,,
2021-07-10,9.84,69.0,1.0,,
2021-07-11,13.2,68.0,1.0,,1.0
2021-07-12,8.5,70.0,1.0,,1.0
2021-07-13,5.59,71.0,1.0,,
2021-07-14,10.07,76.0,,,
2021-07-15,10.07,75.0,1.0,,
2021-07-16,11.63,69.0,1.0,,
2021-07-17,10.96,71.0,,,
2021-07-18,8.05,73.0,,,
2021-07-19,5.37,73.0,,,
2021-07-20,9.4,76.0,,,1.0
2021-07-21,8.95,70.0,,,
2021-07-22,4.47,72.0,,,1.0
2021-07-23,7.61,80.0,1.0,,1.0
2021-07-24,8.72,82.0,1.0,1.0,1.0
2021-07-25,5.82,81.0,,,
2021-07-26,4.03,82.0,,,
2021-07-27,6.93,80.0,,,
2021-07-28,8.05,81.0,1.0,1.0,
2021-07-29,13.65,82.0,1.0,1.0,
2021-07-30,10.96,70.0,,,
2021-07-31,5.82,69.0,,,
2021-08-01,10.74,72.0,1.0,,1.0
2021-08-02,4.92,69.0,,,
2021-08-03,4.03,72.0,,,
2021-08-04,3.36,75.0,,,
2021-08-05,7.83,76.0,,,1.0
2021-08-06,10.29,77.0,1.0,1.0,
2021-08-07,7.61,76.0,1.0,,
2021-08-08,11.86,83.0,,1.0,
2021-08-09,10.07,75.0,1.0,1.0,
2021-08-10,8.5,81.0,1.0,1.0,
2021-08-11,13.42,78.0,1.0,1.0,
2021-08-12,9.62,80.0,,,
2021-08-13,6.49,76.0,,,
2021-08-14,6.49,73.0,,,
2021-08-15,6.26,71.0,,,
2021-08-16,5.82,72.0,,,
2021-08-17,5.14,74.0,,,
2021-08-18,6.71,77.0,,,
2021-08-19,5.82,79.0,1.0,1.0,1.0
2021-08-20,5.37,80.0,1.0,,1.0
2021-08-21,8.28,80.0,1.0,1.0,1.0
2021-08-22,8.72,76.0,,,1.0
2021-08-23,5.82,75.0,,,
2021-08-24,8.5,83.0,1.0,1.0,1.0
2021-08-25,6.49,79.0,1.0,1.0,
2021-08-26,5.37,77.0,,,
2021-08-27,6.04,81.0,,,
2021-08-28,8.5,84.0,,1.0,
2021-08-29,10.51,81.0,1.0,1.0,
2021-08-30,4.7,76.0,,,
2021-08-31,8.05,75.0,,,
2021-09-01,12.08,73.0,,,
2021-09-02,5.82,69.0,,,
2021-09-03,6.93,70.0,,,
2021-09-04,8.5,70.0,,,
2021-09-05,8.28,69.0,,,
2021-09-06,4.92,72.0,,,
2021-09-07,10.51,72.0,,1.0,
2021-09-08,10.51,70.0,,,
2021-09-09,5.59,67.0,,,
2021-09-10,5.82,69.0,,,
2021-09-11,8.72,74.0,,,
2021-09-12,10.51,79.0,,,
2021-09-13,6.04,75.0,1.0,,1.0
2021-09-14,13.42,77.0,,,
2021-09-15,5.82,68.0,,,
2021-09-16,5.82,69.0,,,
2021-09-17,8.05,75.0,1.0,1.0,
2021-09-18,9.4,71.0,,,
2021-09-19,5.37,74.0,,,
2021-09-20,11.18,76.0,1.0,1.0,
2021-09-21,12.3,69.0,1.0,1.0,
2021-09-22,16.78,60.0,1.0,,
2021-09-23,10.74,58.0,,,
2021-09-24,12.97,63.0,1.0,,
2021-09-25,9.62,61.0,,,
2021-09-26,12.53,66.0,,,
2021-09-27,11.86,73.0,,,
2021-09-28,8.95,66.0,,,
2021-09-29,5.14,67.0,,,
2021-09-30,4.7,69.0,,,
2021-10-01,5.82,71.0,,,
2021-10-02,8.05,73.0,1.0,1.0,1.0
2021-10-03,5.37,71.0,1.0,1.0,
2021-10-04,11.86,67.0,1.0,,
2021-10-05,11.41,66.0,,,
2021-10-06,9.62,66.0,1.0,,1.0
2021-10-07,4.92,68.0,1.0,1.0,
2021-10-08,3.36,67.0,1.0,1.0,
2021-10-09,5.82,69.0,1.0,,
2021-10-10,10.51,73.0,,,
2021-10-11,11.18,72.0,1.0,1.0,
2021-10-12,8.05,63.0,1.0,,
2021-10-13,7.38,60.0,1.0,1.0,
2021-10-14,5.82,67.0,1.0,,
2021-10-15,7.38,58.0,,,
2021-10-16,10.51,52.0,,,
2021-10-17,7.16,53.0,,,
2021-10-18,4.25,57.0,,,1.0
2021-10-19,8.05,61.0,,,
2021-10-20,8.5,61.0,,1.0,
2021-10-21,11.18,57.0,1.0,,
2021-10-22,5.59,48.0,,,
2021-10-23,3.58,47.0,,,
2021-10-24,12.3,46.0,1.0,1.0,1.0
2021-10-25,19.69,50.0,1.0,1.0,
2021-10-26,7.61,49.0,,,
2021-10-27,7.38,47.0,,,
2021-10-28,9.84,51.0,1.0,,
2021-10-29,17.67,54.0,1.0,,
2021-10-30,12.3,54.0,1.0,,
2021-10-31,10.07,49.0,,,
2021-11-01,8.05,41.0,,,
2021-11-02,8.05,40.0,,,
2021-11-03,5.14,37.0,,,
2021-11-04,4.7,38.0,,,
2021-11-05,7.83,42.0,,,
2021-11-06,9.84,46.0,,,
2021-11-07,9.84,52.0,,,
2021-11-08,7.83,56.0,,,
2021-11-09,9.4,55.0,1.0,,1.0
2021-11-10,8.72,48.0,,,1.0
2021-11-11,12.75,53.0,1.0,,1.0
2021-11-12,14.32,41.0,1.0,,
2021-11-13,11.18,37.0,1.0,,
2021-11-14,14.09,36.0,1.0,,
2021-11-15,4.47,33.0,,,
2021-11-16,8.95,38.0,1.0,,1.0
2021-11-17,12.3,55.0,1.0,,
2021-11-18,14.32,37.0,,,
2021-11-19,7.83,33.0,,,
2021-11-20,8.05,40.0,,,
2021-11-21,10.51,44.0,,,
2021-11-22,9.17,31.0,,,
2021-11-23,9.4,32.0,,,
2021-11-24,13.42,42.0,,,
2021-11-25,13.42,44.0,,,
2021-11-26,6.49,25.0,,,
2021-11-27,9.62,34.0,,,
2021-11-28,9.4,35.0,,,
2021-11-29,9.17,33.0,,,
2021-11-30,7.38,42.0,,,
2021-12-01,8.72,41.0,,,
2021-12-02,9.84,51.0,,,
2021-12-03,6.93,46.0,1.0,,
2021-12-04,6.71,38.0,1.0,,
2021-12-05,9.4,38.0,1.0,,
2021-12-06,17.45,35.0,,,
2021-12-07,6.93,18.0,,,
2021-12-08,6.71,28.0,,,
2021-12-09,8.72,34.0,,,
2021-12-10,9.17,42.0,1.0,,
2021-12-11,16.33,45.0,,,
2021-12-12,14.32,38.0,,,
2021-12-13,7.61,42.0,,,
2021-12-14,8.05,41.0,1.0,,1.0
2021-12-15,19.01,56.0,,,
2021-12-16,19.24,51.0,,,1.0
2021-12-17,8.28,33.0,,,
2021-12-18,10.07,37.0,1.0,,
2021-12-19,7.38,32.0,,,
2021-12-20,10.96,34.0,,,
2021-12-21,11.63,32.0,,,
2021-12-22,8.05,26.0,,,
2021-12-23,7.83,34.0,1.0,,1.0
2021-12-24,8.95,43.0,1.0,,1.0
2021-12-25,9.17,49.0,1.0,,
2021-12-26,8.5,35.0,1.0,1.0,
2021-12-27,10.51,40.0,1.0,1.0,
2021-12-28,6.26,34.0,1.0,,
2021-12-29,8.05,35.0,1.0,,1.0
2021-12-30,5.14,32.0,1.0,,1.0
2021-12-31,,37.0,,,
